abandon,verlaat,-2
abandoned,verlaten,-2
abandons,verlaat,-2
abducted,ontvoerd,-2
abduction,ontvoering,-2
abductions,ontvoeringen,-2
abhor,verafschuw,-3
abhorred,verafschuwde,-3
abhorrent,walgelijk,-3
abhors,verafschuwt,-3
abilities,vaardigheden,2
ability,vermogen,2
aboard,aan boord van,1
absentee,afwezig,-1
absentees,afwezigen,-1
absolve,absolveren,2
absolved,vrijgesproken,2
absolves,ontslaat,2
absolving,vrijspraak,2
absorbed,geabsorbeerd,1
abuse,misbruik,-3
abused,misbruikt,-3
abuses,misbruikt,-3
abusive,misbruik,-3
accept,accepteer,1
accepted,aanvaard,1
accepting,het accepteren van,1
accepts,accepteert,1
accident,ongeval,-2
accidental,toevallig,-2
accidentally,per ongeluk,-2
accidents,ongevallen,-2
accomplish,bereiken,2
accomplished,verwezenlijkt,2
accomplishes,bereikt,2
accusation,beschuldiging,-2
accusations,beschuldigingen,-2
accuse,beschuldigen,-2
accused,beschuldigde,-2
accuses,beschuldigt,-2
accusing,beschuldigend,-2
ache,ache,-2
achievable,haalbaar,1
aching,pijnlijke,-2
acquit,vrijspraak,2
acquits,spreektvrij,2
acquitted,vrijgesproken,2
acquitting,vrijspraak,2
acrimonious,venijnig,-3
active,actief,1
adequate,adequaat,1
admire,bewonder,3
admired,bewonderde,3
admires,bewondert,3
admiring,het bewonderen van,3
admit,laattoe,-1
admits,laattoe,-1
admitted,toegelaten,-1
admonish,vermanen,-2
admonished,vermaande,-2
adopt,neemaan,1
adopts,neemtaan,1
adorable,schattige,3
adore,aanbidden,3
adored,hield van,3
adores,houdt van,3
advanced,advanced,1
advantage,voordeel,2
advantages,voordelen,2
adventure,avontuur,2
adventures,avonturen,2
adventurous,avontuurlijk,2
affected,getroffen,-1
affection,genegenheid,3
affectionate,aanhankelijk,3
afflicted,getroffen,-1
affronted,beledigd,-1
afraid,bang,-2
aggravate,verergeren,-2
aggravated,verzwaard,-2
aggravates,verergert,-2
aggravating,verzwarend,-2
aggression,agressie,-2
aggressions,agressies,-2
aggressive,agressief,-2
aghast,aghast,-2
agog,agog,2
agonise,agonise,-3
agonised,gekweld,-3
agonises,kwelt,-3
agonising,kwellende,-3
agonize,kwellen,-3
agonized,gekweld,-3
agonizes,kwelt,-3
agonizing,kwellende,-3
agree,akkoord,1
agreeable,aangenaam,2
agreed,overeengekomen,1
agreement,overeenkomst,1
agrees,stemt in met,1
alarm,alarm,-2
alarmed,gealarmeerd,-2
alarmist,alarmist,-2
alarmists,alarmisten,-2
alas,helaas,-1
alert,waarschuwing,-1
alienation,vervreemding,-2
alive,levend,1
allergic,allergisch,-2
allow,laattoe,1
alone,alleen,-2
amaze,amaze,2
amazed,verbaasd,2
amazes,verbaast,2
amazing,amazing,4
ambitious,ambitieus,2
ambivalent,ambivalent,-1
amuse,amuse,3
amused,geamuseerd,3
amusement,amusement,3
amusements,amusement,3
anger,woede,-3
angers,angers,-3
angry,boos,-3
anguish,angst,-3
anguished,angstig,-3
animosity,vijandigheid,-2
annoy,irriteer,-2
annoyance,ergernis,-2
annoyed,geïrriteerd,-2
annoying,vervelend,-2
annoys,irriteert,-2
antagonistic,antagonistisch,-2
anti,anti,-1
anticipation,anticipatie,1
anxiety,angst,-2
anxious,angstig,-2
apathetic,apathisch,-3
apathy,apathie,-3
apeshit,apeshit,-3
apocalyptic,apocalyptisch,-2
apologise,excuses,-1
apologised,verontschuldigde,-1
apologises,verontschuldigt,-1
apologising,verontschuldigen,-1
apologize,verontschuldigen,-1
apologized,verontschuldigde,-1
apologizes,verontschuldigt,-1
apologizing,verontschuldigen,-1
apology,verontschuldiging,-1
appalled,ontzet,-2
appalling,ontstellend,-2
appease,sussen,2
appeased,gesust,2
appeases,kalmeert,2
appeasing,sussend,2
applaud,applaus voor,2
applauded,applaudisseerde,2
applauding,applaus voor,2
applauds,applaudisseert voor,2
applause,applaus,2
appreciate,waarderen,2
appreciated,gewaardeerd,2
appreciates,waardeert,2
appreciating,waarderend,2
appreciation,waardering,2
apprehensive,bang,-2
approval,goedkeuring,2
approved,goedgekeurd,2
approves,keurtgoed,2
ardent,vurig,1
arrest,arrestatie,-2
arrested,gearresteerd,-3
arrests,arrestaties,-2
arrogant,arrogante,-2
ashame,asame,-2
ashamed,beschaamd,-2
ass,kont,-4
assassination,moord,-3
assassinations,moorden,-3
asset,activa,2
assets,activa,2
assfucking,fucking,-4
asshole,klootzak,-4
astonished,verbaasd,2
astound,verbazingwekkend,3
astounded,verbaasd,3
astounding,verbazingwekkend,3
astoundingly,verbazingwekkend,3
astounds,verbaast,3
attack,aanval,-1
attacked,aangevallen,-1
attacking,aanval op,-1
attacks,aanslagen,-1
attract,aantrekken,1
attracted,aangetrokken,1
attracting,het aantrekken van,2
attraction,attractie,2
attractions,attracties,2
attracts,trektaan,1
audacious,stoutmoedig,3
authority,autoriteit,1
avert,afwenden,-1
averted,afgewend,-1
averts,afwendt,-1
avid,avid,2
avoid,vermijd,-1
avoided,vermeden,-1
avoids,vermijdt,-1
await,wacht op,-1
awaited,verwacht,-1
awaits,wacht op,-1
award,award,3
awarded,toegekend,3
awards,prijzen,3
awesome,geweldig,4
awful,vreselijke,-3
awkward,onhandig,-2
axe,bijl,-1
axed,axed,-1
backed,ondersteund,1
backing,steun,2
backs,ruggen,1
bad,slechte,-3
badass,badass,-3
badly,slecht,-3
bailout,bailout,-2
bamboozle,bamboozle,-2
bamboozled,genept,-2
bamboozles,bamboozles,-2
ban,ban,-2
banish,verbannen,-1
bankrupt,failliet,-3
bankster,bankster,-3
banned,verboden,-2
bargain,koopje,2
barrier,barrière,-2
bastard,bastaard,-5
bastards,klootzakken,-5
battle,slag,-1
battles,gevechten,-1
beaten,geslagen,-2
beatific,zaligmakend,3
beating,het verslaan van,-1
beauties,schoonheden,3
beautiful,mooi,3
beautifully,prachtig,3
beautify,verfraaien,3
belittle,kleineren,-2
belittled,gekleineerd,-2
beloved,geliefde,3
benefit,voordeel,2
benefits,voordelen,2
benefitted,profiteerde,2
benefitting,ten gunste van,2
bereave,bereave,-2
bereaved,rouwende,-2
bereaves,bereaves,-2
bereaving,rouwende,-2
best,beste,3
betray,verraad,-3
betrayal,verraad,-3
betrayed,verraden,-3
betraying,verraden,-3
betrays,verraadt,-3
better,beter,2
bias,bias,-1
biased,bevooroordeeld,-2
big,grote,1
bitch,bitch,-5
bitches,teven,-5
bitter,bitter,-2
bitterly,bitter,-2
bizarre,bizar,-2
blah,blah,-2
blame,geef de schuld aan,-2
blamed,verweten,-2
blames,geeft de schuld aan,-2
blaming,de schuld geven aan,-2
bless,zegen,2
blesses,zegent,2
blessing,zegen,3
blind,blind,-1
bliss,gelukzaligheid,3
blissful,zalig,3
blithe,blithe,2
block,blok,-1
blockbuster,blockbuster,3
blocked,geblokkeerd,-1
blocking,blokkeren,-1
blocks,blokkeert,-1
bloody,bloody,-3
blurry,wazig,-2
boastful,opschepperig,-2
bold,vet,2
boldly,moedig,2
bomb,bom,-1
boost,boost,1
boosted,opgevoerd,1
boosting,opvoeren,1
boosts,verhoogt,1
bore,boring,-2
bored,geboord,-2
boring,saai,-3
bother,last,-2
bothered,lastiggevallen,-2
bothers,stoort,-2
bothersome,lastige,-2
boycott,boycot,-2
boycotted,geboycot,-2
boycotting,boycotten,-2
boycotts,boycots,-2
brainwashing,hersenspoeling,-3
brave,dapper,2
breakthrough,doorbraak,3
breathtaking,adembenemend,5
bribe,omkoping,-3
bright,helder,1
brightest,helderste,2
brightness,helderheid,1
brilliant,briljant,4
brisk,brisk,2
broke,brak,-1
broken,gebroken,-1
brooding,broedende,-2
bullied,gepest,-2
bullshit,bullshit,-4
bully,pestkop,-2
bullying,pesten,-2
bummer,bummer,-2
buoyant,drijvend,2
burden,last,-2
burdened,belast,-2
burdening,belastend,-2
burdens,lasten,-2
calm,kalm,2
calmed,gekalmeerd,2
calming,kalmerend,2
calms,kalmeert,2
can't stand,niet uitstaan,-3
cancel,annuleer,-1
cancelled,geannuleerd,-1
cancelling,het annuleren van,-1
cancels,annuleert,-1
cancer,kanker,-1
capable,geschikt,1
captivated,geboeid,3
care,zorg,2
carefree,zorgeloos,1
careful,voorzichtig,2
carefully,zorgvuldig,2
careless,onzorgvuldig,-2
cares,zorgt,2
cashing in,verzilveren,-2
casualty,slachtoffer,-2
catastrophe,catastrofe,-3
catastrophic,catastrofaal,-4
cautious,voorzichtig,-1
celebrate,vieren,3
celebrated,gevierd,3
celebrates,viert,3
celebrating,vieren,3
censor,censor,-2
censored,gecensureerd,-2
censors,censors,-2
certain,bepaalde,1
chagrin,chagrin,-2
chagrined,gekrenkt,-2
challenge,uitdaging,-1
chance,kans,2
chances,kansen,2
chaos,chaos,-2
chaotic,chaotisch,-2
charged,opgeladen,-3
charges,kosten,-2
charm,charme,3
charming,charmant,3
charmless,charmeur,-3
chastise,kastijden,-3
chastised,gekastijd,-3
chastises,kastijdt,-3
chastising,kastijdend,-3
cheat,cheat,-3
cheated,bedrogen,-3
cheater,valsspeler,-3
cheaters,valsspelers,-3
cheats,cheats,-3
cheer,cheer,2
cheered,gejuicht,2
cheerful,vrolijke,2
cheering,juichend,2
cheerless,vrolijkloze,-2
cheers,proost,2
cheery,vrolijke,3
cherish,koesteren,2
cherished,gekoesterd,2
cherishes,koestert,2
cherishing,koesteren,2
chic,chic,2
childish,kinderachtig,-2
chilling,koeling,-1
choke,choke,-2
choked,gesmoord,-2
chokes,smoort,-2
choking,verstikkend,-2
clarifies,verduidelijkt,2
clarity,duidelijkheid,2
clash,clash,-2
classy,klasse,3
clean,schoon,2
cleaner,reiniger,2
clear,clear,1
cleared,vrijgemaakt,1
clearly,duidelijk,1
clears,wist,1
clever,slim,2
clouded,bewolkt,-1
clueless,domme,-2
cock,lul,-5
cocksucker,klootzak,-5
cocksuckers,klootzakken,-5
cocky,eigenwijs,-2
coerced,gedwongen,-2
collapse,ineenstorting,-2
collapsed,ingeklapt,-2
collapses,zakt,-2
collapsing,instortend,-2
collide,botsen,-1
collides,botst,-1
colliding,botsende,-1
collision,botsing,-2
collisions,botsingen,-2
colluding,samenspannende,-3
combat,gevecht,-1
combats,bestrijdt,-1
comedy,komedie,1
comfort,comfort,2
comfortable,comfortabel,2
comforting,troostend,2
comforts,comfort,2
commend,aanbevelen,2
commended,geprezen,2
commit,vastleggen,1
commitment,verbintenis,2
commits,commits,1
committed,toegezegd,1
committing,het plegen van,1
compassionate,meelevend,2
compelled,verplicht,1
competent,bekwaam,2
competitive,concurrerend,2
complacent,zelfingenomen,-2
complain,klagen,-2
complained,klaagde,-2
complains,klaagt,-2
comprehensive,uitgebreid,2
conciliate,verzoenen,2
conciliated,verzoend,2
conciliates,verzoent,2
conciliating,verzoenend,2
condemn,veroordelen,-2
condemnation,veroordeling,-2
condemned,afgekeurd,-2
condemns,veroordeelt,-2
confidence,vertrouwen,2
confident,vol vertrouwen,2
conflict,conflict,-2
conflicting,tegenstrijdige,-2
conflictive,conflictueus,-2
conflicts,conflicten,-2
confuse,verwarren,-2
confused,verward,-2
confusing,verwarrend,-2
congrats,gefeliciteerd,2
congratulate,feliciteer,2
congratulation,gefeliciteerd,2
congratulations,gefeliciteerd,2
consent,toestemming,2
consents,toestemmingen,2
consolable,consolable,2
conspiracy,samenzwering,-3
constrained,beperkte,-2
contagion,besmetting,-2
contagions,besmettingen,-2
contagious,besmettelijk,-1
contempt,minachting,-2
contemptuous,minachtend,-2
contemptuously,minachtend,-2
contend,betogen,-1
contender,mededinger,-1
contending,concurrerend,-1
contentious,omstreden,-2
contestable,aanvechtbaar,-2
controversial,omstreden,-2
controversially,controversieel,-2
convince,overtuigen,1
convinced,overtuigd,1
convinces,overtuigt,1
convivial,gezellig,2
cool,cool,1
cool stuff,cool spul,3
cornered,in het nauw gedreven,-2
corpse,lijk,-1
costly,dure,-2
courage,moed,2
courageous,moedig,2
courteous,hoffelijk,2
courtesy,met dank aan,2
cover-up,cover-up,-3
coward,lafaard,-2
cowardly,laffe,-2
coziness,gezelligheid,2
cramp,kramp,-1
crap,crap,-3
crash,crash,-2
crazier,gekker,-2
craziest,gekste,-2
crazy,crazy,-2
creative,creatief,2
crestfallen,crestfallen,-2
cried,riep,-2
cries,roept,-2
crime,misdaad,-3
criminal,crimineel,-3
criminals,criminelen,-3
crisis,crisis,-3
critic,criticus,-2
criticism,kritiek,-2
criticize,bekritiseren,-2
criticized,bekritiseerd,-2
criticizes,bekritiseert,-2
criticizing,met kritiek op,-2
critics,critici,-2
cruel,wreed,-3
cruelty,wreedheid,-3
crush,verpletteren,-1
crushed,vermalen,-2
crushes,verplettert,-1
crushing,verpletterend,-1
cry,huil,-1
crying,huilend,-2
cunt,kut,-5
curious,nieuwsgierig,1
curse,vloek,-1
cut,cut,-1
cute,schattig,2
cuts,snijdt,-1
cutting,snijden,-1
cynic,cynicus,-2
cynical,cynisch,-2
cynicism,cynisme,-2
damage,schade,-3
damages,schade,-3
damn,verdomme,-4
damned,verdomde,-4
damnit,damnit,-4
danger,gevaar,-2
daredevil,daredevil,2
daring,daring,2
darkest,donkerste,-2
darkness,duisternis,-1
dauntless,dauntless,2
dead,dood,-3
deadlock,impasse,-2
deafening,oorverdovend,-1
dear,beste,2
dearly,lieve,3
death,dood,-2
debonair,debonair,2
debt,schuld,-2
deceit,bedrog,-3
deceitful,bedrieglijke,-3
deceive,bedriegen,-3
deceived,bedrogen,-3
deceives,bedriegt,-3
deceiving,misleidend,-3
deception,misleiding,-3
decisive,beslissend,1
dedicated,toegewijde,2
defeated,verslagen,-2
defect,defect,-3
defects,gebreken,-3
defender,verdediger,2
defenders,verdedigers,2
defenseless,weerloze,-2
defer,uitstellen,-1
deferring,het uitstellen van,-1
defiant,uitdagend,-1
deficit,tekort,-2
degrade,degradeer,-2
degraded,gedegradeerd,-2
degrades,degradeert,-2
dehumanize,ontmenselijken,-2
dehumanized,ontmenselijkt,-2
dehumanizes,ontmenselijkt,-2
dehumanizing,ontmenselijkend,-2
deject,deject,-2
dejected,neerslachtig,-2
dejecting,neerslachtig,-2
dejects,bedenkt,-2
delay,vertraging,-1
delayed,vertraagd,-1
delight,genot,3
delighted,verheugd,3
delighting,verrukkelijk,3
delights,lekkernijen,3
demand,vraag,-1
demanded,geëist,-1
demanding,veeleisend,-1
demands,eist,-1
demonstration,demonstratie,-1
demoralized,gedemoraliseerd,-2
denied,geweigerd,-2
denier,denier,-2
deniers,ontkenners,-2
denies,ontkent,-2
denounce,aangeven,-2
denounces,hekelt,-2
deny,ontkennen,-2
denying,ontkennen,-2
depressed,depressief,-2
depressing,deprimerend,-2
derail,ontsporen,-2
derailed,ontspoord,-2
derails,ontspoort,-2
deride,bespotten,-2
derided,bespot,-2
derides,spot met,-2
deriding,bespotting van,-2
derision,spot,-2
desirable,wenselijk,2
desire,wens,1
desired,gewenst,2
desirous,verlangend,2
despair,wanhoop,-3
despairing,wanhopig,-3
despairs,wanhoop,-3
desperate,wanhopig,-3
desperately,wanhopig,-3
despondent,moedeloos,-3
destroy,vernietig,-3
destroyed,vernietigd,-3
destroying,het vernietigen van,-3
destroys,vernietigt,-3
destruction,vernietiging,-3
destructive,destructief,-3
detached,vrijstaand,-1
detain,aanhouden,-2
detained,aangehouden,-2
detention,detentie,-2
determined,bepaald,2
devastate,verwoest,-2
devastated,verwoest,-2
devastating,verwoestende,-2
devoted,toegewijd,3
diamond,diamant,1
dick,dick,-4
dickhead,klootzak,-4
die,die,-3
died,overleden,-3
difficult,moeilijk,-1
diffident,diffident,-2
dilemma,dilemma,-1
dipshit,dipshit,-3
dire,dire,-3
direful,vreselijk,-3
dirt,vuil,-2
dirtier,vuiler,-2
dirtiest,vuilste,-2
dirty,dirty,-2
disabling,het uitschakelen van,-1
disadvantage,nadeel,-2
disadvantaged,achtergesteld,-2
disappear,verdwijnen,-1
disappeared,verdwenen,-1
disappears,verdwijnt,-1
disappoint,teleurstellen,-2
disappointed,teleurgesteld,-2
disappointing,teleurstellend,-2
disappointment,teleurstelling,-2
disappointments,teleurstellingen,-2
disappoints,steltteleur,-2
disaster,ramp,-2
disasters,rampen,-2
disastrous,rampzalig,-3
disbelieve,niet geloven,-2
discard,weggooien,-1
discarded,weggegooid,-1
discarding,weggooien,-1
discards,verwijdert,-1
disconsolate,troosteloos,-2
disconsolation,troosteloosheid,-2
discontented,ontevreden,-2
discord,discord,-2
discounted,verdisconteerd,-1
discouraged,ontmoedigd,-2
discredited,in diskrediet gebracht,-2
disdain,minachting,-2
disgrace,schande,-2
disgraced,onteerd,-2
disguise,vermomming,-1
disguised,vermomd,-1
disguises,vermommingen,-1
disguising,het verhullen van,-1
disgust,walging,-3
disgusted,walgelijk,-3
disgusting,walgelijk,-3
disheartened,ontmoedigd,-2
dishonest,oneerlijk,-2
disillusioned,gedesillusioneerd,-2
disinclined,ongeneigd,-2
disjointed,onsamenhangend,-2
dislike,afkeer van,-2
dismal,somber,-2
dismayed,ontzet,-2
disorder,stoornis,-2
disorganized,ongeorganiseerd,-2
disoriented,gedesoriënteerd,-2
disparage,kleineren,-2
disparaged,in diskrediet gebracht,-2
disparages,kleineert,-2
disparaging,denigrerend,-2
displeased,ontstemd,-2
dispute,geschil,-2
disputed,betwist,-2
disputes,geschillen,-2
disputing,disputing,-2
disqualified,gediskwalificeerd,-2
disquiet,onrust,-2
disregard,minachting,-2
disregarded,genegeerd,-2
disregarding,zonder rekening te houden met,-2
disregards,negeert,-2
disrespect,gebrek aan respect,-2
disrespected,niet gerespecteerd,-2
disruption,verstoring,-2
disruptions,verstoringen,-2
disruptive,storend,-2
dissatisfied,ontevreden,-2
distort,verstoren,-2
distorted,vervormd,-2
distorting,verstorend,-2
distorts,vervormt,-2
distract,afleiden,-2
distracted,afgeleid,-2
distraction,afleiding,-2
distracts,leidtaf,-2
distress,nood,-2
distressed,distressed,-2
distresses,schrikt,-2
distressing,distressing,-2
distrust,wantrouwen,-3
distrustful,wantrouwend,-3
disturb,stoor,-2
disturbed,gestoord,-2
disturbing,storend,-2
disturbs,verstoort,-2
dithering,dithering,-2
dizzy,duizelig,-1
dodging,ontwijken,-2
dodgy,onbetrouwbare,-2
does not work,werkt niet,-3
dolorous,dolorous,-2
dont like,hou niet van,-2
doom,doem,-2
doomed,verdoemd,-2
doubt,twijfel,-1
doubted,twijfelde,-1
doubtful,twijfelachtig,-1
doubting,twijfelend,-1
doubts,twijfels,-1
douche,douche,-3
douchebag,klootzak,-3
downcast,downcast,-2
downhearted,downhearted,-2
downside,nadeel,-2
drag,sleep,-1
dragged,gesleept,-1
drags,sleept,-1
drained,uitgelekt,-2
dread,dread,-2
dreaded,gevreesde,-2
dreadful,vreselijke,-3
dreading,bang voor,-2
dream,droom,1
dreams,dromen,1
dreary,somber,-2
droopy,droopy,-2
drop,drop,-1
drown,verdrinken,-2
drowned,verdronken,-2
drowns,verdrinkt,-2
drunk,dronken,-2
dubious,dubieus,-2
dud,dud,-2
dull,saai,-2
dumb,domme,-3
dumbass,domme,-3
dump,dump,-1
dumped,gedumpt,-2
dumps,dumpt,-1
dupe,dupe,-2
duped,gedupeerd,-2
dysfunction,disfunctie,-2
eager,gretig,2
earnest,earnest,2
ease,gemak,2
easy,gemakkelijk,1
ecstatic,extatisch,4
eerie,griezelig,-2
eery,elke,-2
effective,effectief,2
effectively,in feite,2
elated,elated,3
elation,elatie,3
elegant,elegant,2
elegantly,elegant,2
embarrass,in verlegenheid brengen,-2
embarrassed,beschaamd,-2
embarrasses,in verlegenheid,-2
embarrassing,gênant,-2
embarrassment,gêne,-2
embittered,verbitterd,-2
embrace,omhels,1
emergency,noodgevallen,-2
empathetic,empathisch,2
emptiness,leegte,-1
empty,leeg,-1
enchanted,betoverd,2
encourage,aanmoedigen,2
encouraged,aangemoedigd,2
encouragement,aanmoediging,2
encourages,stimuleert,2
endorse,onderschrijven,2
endorsed,goedgekeurd,2
endorsement,aantekening,2
endorses,steunt,2
enemies,vijanden,-2
enemy,vijand,-2
energetic,energiek,2
engage,schakelin,1
engages,schakeltin,1
engrossed,verdiept,1
enjoy,geniet van,2
enjoying,genieten van,2
enjoys,geniet van,2
enlighten,verlicht,2
enlightened,verlicht,2
enlightening,verhelderend,2
enlightens,verlicht,2
ennui,ennui,-2
enrage,woede,-2
enraged,woedend,-2
enrages,maaktwoedend,-2
enraging,enraging,-2
enrapture,vervoering,3
enslave,tot slaaf maken,-2
enslaved,geknecht,-2
enslaves,maakttot slaaf,-2
ensure,zorgen voor,1
ensuring,het verzekeren van,1
enterprising,ondernemend,1
entertaining,onderhoudend,2
enthral,boeien,3
enthusiastic,enthousiast,3
entitled,getiteld,1
entrusted,toevertrouwd,2
envies,benijdt,-1
envious,jaloers,-2
envy,afgunst,-1
envying,jaloers op,-1
erroneous,foutieve,-2
error,fout,-2
errors,fouten,-2
escape,escape,-1
escapes,ontsnapt,-1
escaping,ontsnappend,-1
esteemed,geachte,2
ethical,ethisch,2
euphoria,euforie,3
euphoric,euforisch,4
eviction,uitzetting,-1
evil,kwaad,-3
exaggerate,overdrijven,-2
exaggerated,overdreven,-2
exaggerates,overdrijft,-2
exaggerating,overdrijven,-2
exasperated,geïrriteerd,2
excellence,excellentie,3
excellent,uitstekend,3
excite,opwinden,3
excited,opgewonden,3
excitement,opwinding,3
exciting,spannende,3
exclude,sluituit,-1
excluded,uitgesloten,-2
exclusion,uitsluiting,-1
exclusive,exclusief,2
excuse,excuus,-1
exempt,vrijgesteld,-1
exhausted,uitgeput,-2
exhilarated,opgewonden,3
exhilarates,stimuleert,3
exhilarating,opwindend,3
exonerate,vrijpleiten,2
exonerated,vrijgesproken,2
exonerates,ontslaat,2
exonerating,ontlastend,2
expand,1uitbreiden,1
expands,breidtuit,1
expel,uitzetten,-2
expelled,uitgezet,-2
expelling,verdrijven,-2
expels,verdrijft,-2
exploit,exploit,-2
exploited,uitgebuit,-2
exploiting,het exploiteren van,-2
exploits,exploiteert,-2
exploration,verkenning,1
explorations,verkenningen,1
expose,blootleggen,-1
exposed,blootgesteld,-1
exposes,geeftbloot,-1
exposing,het blootstellen van,-1
extend,uitbreiden,1
extends,breidtuit,1
exuberant,uitbundig,4
exultant,exultant,3
exultantly,uitbundig,3
fabulous,fantastische,4
fad,fad,-2
fag,fag,-3
faggot,flikker,-3
faggots,flikkers,-3
fail,fail,-2
failed,mislukt,-2
failing,failing,-2
fails,faalt,-2
failure,storing,-2
failures,storingen,-2
fainthearted,flauwekul,-2
fair,beurs,2
faith,geloof,1
faithful,trouwe,3
fake,nep,-3
fakes,fakes,-3
faking,faking,-3
fallen,gevallen,-2
falling,vallend,-1
falsified,vervalst,-3
falsify,vervals,-3
fame,roem,1
fan,ventilator,3
fantastic,fantastische,4
farce,farce,-1
fascinate,fascineren,3
fascinated,gefascineerd,3
fascinates,fascineert,3
fascinating,fascinerend,3
fascist,fascistisch,-2
fascists,fascisten,-2
fatalities,doden,-3
fatality,fataliteit,-3
fatigue,vermoeidheid,-2
fatigued,vermoeid,-2
fatigues,vermoeienissen,-2
fatiguing,vermoeiend,-2
favor,gunst,2
favored,begunstigd,2
favorite,favoriet,2
favorited,favoriet,2
favorites,favorieten,2
favors,voorstander van,2
fear,angst,-2
fearful,bang,-2
fearing,bang voor,-2
fearless,onverschrokken,2
fearsome,fearsome,-2
fed up,zat,-3
feeble,zwakke,-2
feeling,gevoel,1
felonies,misdrijven,-3
felony,misdrijf,-3
fervent,fervent,2
fervid,vurig,2
festive,feestelijk,2
fiasco,fiasco,-3
fidgety,friemelende,-2
fight,vechten,-1
fine,fijn,2
fire,brand,-2
fired,ontslagen,-2
firing,afvuren,-2
fit,fit,1
fitness,fitness,1
flagship,vlaggenschip,2
flees,vlucht,-1
flop,flop,-2
flops,flops,-2
flu,griep,-2
flustered,in de war,-2
focused,gericht,2
fond,dol op,2
fondness,voorliefde,2
fool,fool,-2
foolish,dwaas,-2
fools,fools,-2
forced,gedwongen,-1
foreclosure,afscherming,-2
foreclosures,verhinderingen,-2
forget,vergeet,-1
forgetful,vergeetachtig,-2
forgive,vergeven,1
forgiving,vergevend,1
forgotten,vergeten,-1
fortunate,gelukkig,2
frantic,frantic,-1
fraud,fraude,-4
frauds,fraude,-4
fraudster,fraudeur,-4
fraudsters,fraudeurs,-4
fraudulence,fraude,-4
fraudulent,frauduleus,-4
free,gratis,1
freedom,vrijheid,2
frenzy,frenzy,-3
fresh,vers,1
friendly,vriendelijke,2
fright,schrik,-2
frightened,bang,-2
frightening,beangstigend,-3
frikin,frikin,-2
frisky,dartel,2
frowning,fronsend,-1
frustrate,frustreren,-2
frustrated,gefrustreerd,-2
frustrates,frustreert,-2
frustrating,frustrerend,-2
frustration,frustratie,-2
ftw,ftw,3
fuck,fuck,-4
fucked,geneukt,-4
fucker,fucker,-4
fuckers,fuckers,-4
fuckface,fuckface,-4
fuckhead,eikel,-4
fucking,fucking,-4
fucktard,fucktard,-4
fud,fud,-3
fuked,fuked,-4
fuking,fuking,-4
fulfill,voldoen aan,2
fulfilled,voldaan,2
fulfills,voldoet aan,2
fuming,fuming,-2
fun,leuk,4
funeral,begrafenis,-1
funerals,begrafenissen,-1
funky,funky,2
funnier,grappiger,4
funny,grappig,4
furious,woedend,-3
futile,vergeefse,2
gag,gag,-2
gagged,gekneveld,-2
gain,winst,2
gained,verkregen,2
gaining,het behalen van,2
gains,winsten,2
gallant,galante,3
gallantly,galant,3
gallantry,galanterie,3
generous,royaal,2
genial,geniaal,3
ghost,spook,-1
giddy,duizelig,-2
gift,geschenk,2
glad,blij,3
glamorous,glamoureuze,3
glamourous,glamourous,3
glee,glee,3
gleeful,gleeful,3
gloom,somberheid,-1
gloomy,somber,-2
glorious,glorieuze,2
glory,glory,2
glum,glum,-2
god,god,1
goddamn,verdomme,-3
godsend,godsgeschenk,4
good,goed,3
goodness,goedheid,3
grace,grace,1
gracious,genadig,3
grand,grand,3
grant,subsidie,1
granted,toegekend,1
granting,toekenning,1
grants,subsidies,1
grateful,dankbaar,3
gratification,bevrediging,2
grave,graf,-2
gray,grijs,-1
great,geweldig,3
greater,groter,3
greatest,grootste,3
greed,hebzucht,-3
greedy,greedy,-2
green wash,green wash,-3
green washing,green washing,-3
greenwash,greenwash,-3
greenwasher,greenwasher,-3
greenwashers,greenwashers,-3
greenwashing,greenwashing,-3
greet,groet,1
greeted,begroet,1
greeting,groet,1
greetings,groeten,2
greets,groet,1
grey,grijs,-1
grief,verdriet,-2
grieved,gegriefd,-2
gross,bruto,-2
growing,groeiend,1
growth,groei,2
guarantee,garantie,1
guilt,schuld,-3
guilty,schuldig,-3
gullibility,goedgelovigheid,-2
gullible,goedgelovige,-2
gun,pistool,-1
ha,ha,2
hacked,gehackt,-1
haha,haha,3
hahaha,hahaha,3
hahahah,hahahah,3
hail,hagel,2
hailed,begroet,2
hapless,ongelukkige,-2
haplessness,ongelukkigheid,-2
happiness,geluk,3
happy,happy,3
hard,hard,-1
hardier,harder,2
hardship,hardship,-2
hardy,winterhard,2
harm,schade,-2
harmed,geschaad,-2
harmful,schadelijke,-2
harming,het schaden van,-2
harms,schaadt,-2
harried,gehaast,-2
harsh,hard,-2
harsher,harder,-2
harshest,strengste,-2
hate,haat,-3
hated,haatte,-3
haters,haters,-3
hates,haat,-3
hating,het haten van,-3
haunt,haunt,-1
haunted,haunted,-2
haunting,haunting,1
haunts,achtervolgt,-1
havoc,havoc,-2
healthy,gezond,2
heartbreaking,hartverscheurend,-3
heartbroken,heartbroken,-3
heartfelt,heartfelt,3
heaven,hemel,2
heavenly,hemels,4
heavyhearted,zwaarmoedig,-2
hell,hel,-4
help,help,2
helpful,behulpzaam,2
helping,helpen,2
helpless,hulpeloos,-2
helps,helpt,2
hero,held,2
heroes,helden,2
heroic,heldhaftig,3
hesitant,aarzelend,-2
hesitate,aarzel,-2
hid,hid,-1
hide,verbergen,-1
hides,verbergt,-1
hiding,het verbergen van,-1
highlight,markeer,2
hilarious,hilarisch,2
hindrance,belemmering,-2
hoax,hoax,-2
homesick,heimwee,-2
honest,eerlijk,2
honor,eer,2
honored,geëerd,2
honoring,eerbiedigen,2
honour,eer,2
honoured,geëerd,2
honouring,eren,2
hooligan,hooligan,-2
hooliganism,hooliganisme,-2
hooligans,hooligans,-2
hope,hoop,2
hopeful,hoopvol,2
hopefully,hopelijk,2
hopeless,hopeloos,-2
hopelessness,hopeloosheid,-2
hopes,hoopt,2
hoping,in de hoop,2
horrendous,verschrikkelijke,-3
horrible,verschrikkelijke,-3
horrific,verschrikkelijke,-3
horrified,ontzet,-3
hostile,vijandige,-2
huckster,huckster,-2
hug,knuffel,2
huge,enorm,1
hugs,knuffels,2
humerous,humerus,3
humiliated,vernederd,-3
humiliation,vernedering,-3
humor,humor,2
humorous,humoristisch,2
humour,humor,2
humourous,humoristisch,2
hunger,honger,-2
hurrah,hoera,5
hurt,gekwetst,-2
hurting,het kwetsen van,-2
hurts,doetpijn,-2
hypocritical,hypocriet,-2
hysteria,hysterie,-3
hysterical,hysterisch,-3
hysterics,hysterie,-3
idiot,idioot,-3
idiotic,idiote,-3
ignorance,onwetendheid,-2
ignorant,onwetende,-2
ignore,negeren,-1
ignored,genegeerd,-2
ignores,negeert,-1
ill,ill,-2
illegal,illegale,-3
illiteracy,analfabetisme,-2
illness,ziekte,-2
illnesses,ziekten,-2
imbecile,imbeciel,-3
immobilized,geïmmobiliseerd,-1
immortal,onsterfelijk,2
immune,immuun,1
impatient,ongeduldig,-2
imperfect,imperfect,-2
importance,belang,2
important,belangrijk,2
impose,opleggen,-1
imposed,opgelegd,-1
imposes,legtop,-1
imposing,het opleggen van,-1
impotent,impotent,-2
impress,indruk,3
impressed,geïmponeerd,3
impresses,maakt indruk op,3
impressive,indrukwekkende,3
imprisoned,opgesloten,-2
improve,verbeteren,2
improved,verbeterde,2
improvement,verbetering,2
improves,verbetert,2
improving,verbetering van,2
inability,onvermogen,-2
inaction,inactiviteit,-2
inadequate,onvoldoende,-2
incapable,incapabel,-2
incapacitated,onbekwaam,-2
incensed,woedend,-2
incompetence,incompetentie,-2
incompetent,incompetente,-2
inconsiderate,onbezonnen,-2
inconvenience,ongemak,-2
inconvenient,ongelegen,-2
increase,verhoog,1
increased,verhoogd,1
indecisive,besluiteloos,-2
indestructible,onverwoestbaar,2
indifference,onverschilligheid,-2
indifferent,onverschillig,-2
indignant,verontwaardigd,-2
indignation,verontwaardiging,-2
indoctrinate,indoctrineren,-2
indoctrinated,geïndoctrineerd,-2
indoctrinates,indoctrineert,-2
indoctrinating,indoctrineren,-2
ineffective,ondoeltreffend,-2
ineffectively,ineffectief,-2
infatuated,verliefd,2
infatuation,verliefdheid,2
infected,besmet,-2
inferior,inferieur,-2
inflamed,ontstoken,-2
influential,invloedrijke,2
infringement,inbreuk,-2
infuriate,woedend maken,-2
infuriated,woedend,-2
infuriates,maaktwoedend,-2
infuriating,woedend,-2
inhibit,remmen,-1
injured,gewond,-2
injury,letsel,-2
injustice,onrecht,-2
innovate,innoveren,1
innovates,innoveert,1
innovation,innovatie,1
innovative,innovatief,2
inquisition,inquisitie,-2
inquisitive,nieuwsgierig,2
insane,krankzinnige,-2
insanity,krankzinnigheid,-2
insecure,onveilig,-2
insensitive,ongevoelig,-2
insensitivity,ongevoeligheid,-2
insignificant,onbeduidend,-2
insipid,smakeloze,-2
inspiration,inspiratie,2
inspirational,inspirerend,2
inspire,inspireren,2
inspired,geïnspireerd,2
inspires,inspireert,2
inspiring,inspirerende,3
insult,belediging,-2
insulted,beledigd,-2
insulting,beledigend,-2
insults,beledigingen,-2
intact,intact,2
integrity,integriteit,2
intelligent,intelligent,2
intense,intens,1
interest,rente,1
interested,geïnteresseerd,2
interesting,interessant,2
interests,belangen,1
interrogated,ondervraagd,-2
interrupt,interrupt,-2
interrupted,onderbroken,-2
interrupting,onderbreking van,-2
interruption,onderbreking,-2
interrupts,interrupts,-2
intimidate,intimideren,-2
intimidated,geïntimideerd,-2
intimidates,intimideert,-2
intimidating,intimiderend,-2
intimidation,intimidatie,-2
intricate,ingewikkeld,2
intrigues,intriges,1
invincible,onoverwinnelijk,2
invite,nodigenuit,1
inviting,uitnodigend,1
invulnerable,onkwetsbaar,2
irate,woedend,-3
ironic,ironisch,-1
irony,ironie,-1
irrational,irrationeel,-1
irresistible,onweerstaanbaar,2
irresolute,besluiteloos,-2
irresponsible,onverantwoordelijk,2
irreversible,onomkeerbaar,-1
irritate,irriteren,-3
irritated,geïrriteerd,-3
irritating,irritant,-3
isolated,geïsoleerd,-1
itchy,jeuk,-2
jackass,jackass,-4
jackasses,jackasses,-4
jailed,opgesloten,-2
jaunty,parmantig,2
jealous,jaloerse,-2
jeopardy,jeopardy,-2
jerk,ruk,-3
jesus,jezus,1
jewel,juweel,1
jewels,juwelen,1
jocular,guitig,2
join,sluit aan bij,1
joke,grap,2
jokes,grappen,2
jolly,jolly,2
jovial,joviale,2
joy,joy,3
joyful,vrolijk,3
joyfully,blij,3
joyless,vreugdeloos,-2
joyous,vrolijke,3
jubilant,jubilant,3
jumpy,springerig,-1
justice,justitie,2
justifiably,terecht,2
justified,gerechtvaardigd,2
keen,scherp,1
kill,dood,-3
killed,gedood,-3
killing,het doden van,-3
kills,doodt,-3
kind,soort,2
kinder,kinder,2
kiss,kus,2
kudos,kudos,3
lack,ontbreken,-2
lackadaisical,lackadaisical,-2
lag,lag,-1
lagged,lagged,-2
lagging,achterblijvend,-2
lags,vertragingen,-2
lame,lame,-2
landmark,mijlpaal,2
laugh,lach,1
laughed,lachte,1
laughing,lachen,1
laughs,lacht,1
laughting,lachend,1
launched,gelanceerd,1
lawl,lawl,3
lawsuit,rechtszaak,-2
lawsuits,rechtszaken,-2
lazy,lui,-1
leak,lek,-1
leaked,gelekt,-1
leave,laat,-1
legal,juridisch,1
legally,wettelijk,1
lenient,mild,1
lethargic,lethargisch,-2
lethargy,lethargie,-2
liar,leugenaar,-3
liars,leugenaars,-3
libelous,smaad,-2
lied,loog,-2
lifesaver,lifesaver,4
lighthearted,luchtig,1
like,zoals,2
liked,leuk,2
likes,houdt van,2
limitation,beperking,-1
limited,beperkt,-1
limits,limieten,-1
litigation,proces,-1
litigious,litigieuze,-2
lively,levendig,2
livid,livid,-2
lmao,lmao,4
lmfao,lmfao,4
loathe,haat,-3
loathed,verafschuwde,-3
loathes,verafschuwt,-3
loathing,afkeer,-3
lobby,lobby,-2
lobbying,lobbyen,-2
lol,lol,3
lonely,lonely,-2
lonesome,lonesome,-2
longing,verlangen,-1
loom,weefgetouw,-1
loomed,loom,-1
looming,dreigende,-1
looms,weefgetouwen,-1
loose,losse,-3
looses,verliest,-3
loser,verliezer,-3
losing,het verliezen van,-3
loss,verlies,-3
lost,verloren,-3
lovable,lieve,3
love,love,3
loved,hield van,3
lovelies,lovelies,3
lovely,mooi,3
loving,houden van,2
lowest,laagste,-1
loyal,trouwe,3
loyalty,loyaliteit,3
luck,geluk,3
luckily,gelukkig,3
lucky,lucky,3
lugubrious,luguber,-2
lunatic,krankzinnige,-3
lunatics,gekken,-3
lurk,loeren,-1
lurking,loerend,-1
lurks,loert,-1
mad,gekke,-3
maddening,gekmakend,-3
made-up,verzonnen,-1
madly,madly,-3
madness,waanzin,-3
mandatory,verplicht,-1
manipulated,gemanipuleerd,-1
manipulating,het manipuleren van,-1
manipulation,manipulatie,-1
marvel,marvel,3
marvelous,geweldig,3
marvels,marvels,3
masterpiece,meesterwerk,4
masterpieces,meesterwerken,4
matter,materie,1
matters,zaken,1
mature,volwassen,2
meaningful,zinvol,2
meaningless,zinloos,-2
medal,medaille,3
mediocrity,middelmatigheid,-3
meditative,meditatief,1
melancholy,melancholie,-2
menace,bedreiging,-2
menaced,bedreigd,-2
mercy,mercy,2
merry,merry,3
mess,mess,-2
messed,geknoeid,-2
messing up,verknoeit,-2
methodical,methodisch,2
mindless,hersenloze,-2
miracle,wonder,4
mirth,vrolijkheid,3
mirthful,vrolijk,3
mirthfully,vrolijk,3
misbehave,misdragen,-2
misbehaved,misdragen,-2
misbehaves,misdraagt zich,-2
misbehaving,misdragen,-2
mischief,ondeugendheid,-1
mischiefs,mischiefs,-1
miserable,ellendige,-3
misery,ellende,-2
misgiving,misgiving,-2
misinformation,verkeerde informatie,-2
misinformed,verkeerd ingelicht,-2
misinterpreted,verkeerd geïnterpreteerd,-2
misleading,misleidend,-3
misread,verkeerd gelezen,-1
misreporting,onjuiste rapportage,-2
misrepresentation,verkeerde voorstelling,-2
miss,miss,-2
missed,gemist,-2
missing,missing,-2
mistake,fout,-2
mistaken,vergist,-2
mistakes,fouten,-2
mistaking,vergissen,-2
misunderstand,verkeerd begrijpen,-2
misunderstanding,misverstand,-2
misunderstands,begrijptniet,-2
misunderstood,verkeerd begrepen,-2
moan,kreun,-2
moaned,kreunde,-2
moaning,jammerende,-2
moans,kreunt,-2
mock,schijnbeweging,-2
mocked,spotte,-2
mocking,spottend,-2
mocks,spot,-2
mongering,mongering,-2
monopolize,monopoliseren,-2
monopolized,gemonopoliseerd,-2
monopolizes,monopoliseert,-2
monopolizing,het monopoliseren van,-2
moody,humeurig,-1
mope,mope,-1
moping,moping,-1
moron,idioot,-3
motherfucker,klootzak,-5
motherfucking,motherfucking,-5
motivate,motiveren,1
motivated,gemotiveerd,2
motivating,motiverend,2
motivation,motivatie,1
mourn,rouw,-2
mourned,rouwde,-2
mournful,treurig,-2
mourning,rouw,-2
mourns,rouwt om,-2
mumpish,mumpish,-2
murder,moord,-2
murderer,moordenaar,-2
murdering,moordend,-3
murderous,moorddadige,-3
murders,moorden,-2
myth,mythe,-1
n00b,n00b,-2
naive,naïef,-2
nasty,vervelende,-3
natural,natuurlijk,1
naïve,naïef,-2
needy,behoeftige,-2
negative,negatief,-2
negativity,negativiteit,-2
neglect,verwaarlozing,-2
neglected,verwaarloosd,-2
neglecting,met verwaarlozing van,-2
neglects,verwaarloost,-2
nerves,zenuwen,-1
nervous,nerveus,-2
nervously,nerveus,-2
nice,leuk,3
nifty,nifty,2
niggas,niggas,-5
nigger,neger,-5
no,geen,-1
no fun,geen plezier,-3
noble,edele,2
noisy,luidruchtig,-1
nonsense,onzin,-2
noob,noob,-2
nosey,neusje,-2
not good,niet goed,-2
not working,werkt niet,-3
notorious,beruchte,-2
novel,roman,2
numb,numb,-1
nuts,noten,-3
obliterate,uitwissen,-2
obliterated,uitgewist,-2
obnoxious,onaangename,-3
obscene,obsceen,-2
obsessed,geobsedeerd,2
obsolete,verouderd,-2
obstacle,obstakel,-2
obstacles,obstakels,-2
obstinate,koppig,-2
odd,oneven,-2
offend,beledigen,-2
offended,beledigd,-2
offender,dader,-2
offending,overtredende,-2
offends,beledigt,-2
offline,offline,-1
oks,oks,2
ominous,onheilspellend,3
once-in-a-lifetime,once-in-a-lifetime,3
opportunities,mogelijkheden,2
opportunity,gelegenheid,2
oppressed,onderdrukte,-2
oppressive,drukkend,-2
optimism,optimisme,2
optimistic,optimistisch,2
optionless,optieloos,-2
outcry,verontwaardiging,-2
outmaneuvered,outmaneuvered,-2
outrage,verontwaardiging,-3
outraged,verontwaardigd,-3
outreach,outreach,2
outstanding,uitstaande,5
overjoyed,overgelukkig,4
overload,overbelasting,-1
overlooked,over het hoofd gezien,-1
overreact,overreageren,-2
overreacted,overreageerde,-2
overreaction,overreactie,-2
overreacts,overreageert,-2
oversell,oversell,-2
overselling,overselling,-2
oversells,overslaat,-2
oversimplification,oversimplificatie,-2
oversimplified,overgesimplificeerd,-2
oversimplifies,oversimplificeert,-2
oversimplify,oversimplificeren,-2
overstatement,overwaardering,-2
overstatements,overdrijvingen,-2
overweight,overgewicht,-1
oxymoron,oxymoron,-1
pain,pijn,-2
pained,gepijnigd,-2
panic,paniek,-3
panicked,in paniek,-3
panics,paniek,-3
paradise,paradijs,3
paradox,paradox,-1
pardon,pardon,2
pardoned,gratie verleend,2
pardoning,gratie verlenen,2
pardons,pardons,2
parley,parley,-1
passionate,gepassioneerd,2
passive,passief,-1
passively,passief,-1
pathetic,zielig,-2
pay,betaal,-1
peace,vrede,2
peaceful,vreedzaam,2
peacefully,rustig,2
penalty,straf,-2
pensive,pensive,-1
perfect,perfect,3
perfected,geperfectioneerd,2
perfectly,perfect,3
perfects,perfectioneert,2
peril,peril,-2
perjury,meineed,-3
perpetrator,dader,-2
perpetrators,daders,-2
perplexed,verbijsterd,-2
persecute,vervolgen,-2
persecuted,vervolgd,-2
persecutes,vervolgt,-2
persecuting,vervolgen,-2
perturbed,verstoord,-2
pesky,vervelende,-2
pessimism,pessimisme,-2
pessimistic,pessimistisch,-2
petrified,versteend,-2
phobic,fobisch,-2
picturesque,pittoresk,2
pileup,pileup,-1
pique,pique,-2
piqued,gepikeerd,-2
piss,pis,-4
pissed,pissig,-4
pissing,pissen,-3
piteous,piteuze,-2
pitied,meende,-1
pity,jammer,-2
playful,speels,2
pleasant,aangenaam,3
please,alsjeblieft,1
pleased,tevreden,3
pleasure,plezier,3
poised,in evenwicht,-2
poison,gif,-2
poisoned,vergiftigd,-2
poisons,vergiften,-2
pollute,vervuilen,-2
polluted,vervuild,-2
polluter,vervuiler,-2
polluters,vervuilers,-2
pollutes,vervuilt,-2
poor,arme,-2
poorer,armer,-2
poorest,armste,-2
popular,populair,3
positive,positief,2
positively,positief,2
possessive,bezittelijk,-2
postpone,uitstellen,-1
postponed,uitgesteld,-1
postpones,steltuit,-1
postponing,het uitstellen van,-1
poverty,armoede,-1
powerful,krachtige,2
powerless,machteloos,-2
praise,lof,3
praised,geprezen,3
praises,prijst,3
praising,lovende,3
pray,bid,1
praying,biddend,1
prays,bidt,1
prblm,prblm,-2
prblms,prblms,-2
prepared,voorbereid,1
pressure,druk,-1
pressured,onder druk gezet,-2
pretend,doe alsof,-1
pretending,doen alsof,-1
pretends,doet alsof,-1
pretty,mooi,1
prevent,voorkomen,-1
prevented,voorkomen,-1
preventing,het voorkomen van,-1
prevents,voorkomt,-1
prick,prik,-5
prison,gevangenis,-2
prisoner,gevangene,-2
prisoners,gevangenen,-2
privileged,bevoorrecht,2
proactive,proactief,2
problem,probleem,-2
problems,problemen,-2
profiteer,profiteur,-2
progress,voortgang,2
prominent,prominent,2
promise,belofte,1
promised,beloofd,1
promises,beloften,1
promote,promoten,1
promoted,bevorderd,1
promotes,bevordert,1
promoting,bevordering van,1
propaganda,propaganda,-2
prosecute,vervolgen,-1
prosecuted,vervolgd,-2
prosecutes,vervolgt,-1
prosecution,vervolging,-1
prospect,prospect,1
prospects,vooruitzichten,1
prosperous,welvarend,3
protect,bescherm,1
protected,beschermd,1
protects,beschermt,1
protest,protest,-2
protesters,demonstranten,-2
protesting,protesterende,-2
protests,protesten,-2
proud,trots,2
proudly,trots,2
provoke,provoceer,-1
provoked,uitgelokt,-1
provokes,provoceert,-1
provoking,het uitlokken van,-1
pseudoscience,pseudowetenschap,-3
punish,bestraf,-2
punished,gestraft,-2
punishes,bestraft,-2
punitive,bestraffend,-2
pushy,opdringerig,-1
puzzled,verbaasd,-2
quaking,quaking,-2
questionable,twijfelachtig,-2
questioned,ondervraagd,-1
questioning,ondervraging,-1
racism,racisme,-3
racist,racistisch,-3
racists,racisten,-3
rage,woede,-2
rageful,rageful,-2
rainy,regenachtig,-1
rant,rant,-3
ranter,ranter,-3
ranters,ranters,-3
rants,rants,-3
rape,verkrachting,-4
rapist,verkrachter,-4
rapture,rapture,2
raptured,opgenomen,2
raptures,verrukkingen,2
rapturous,rapturous,4
rash,uitslag,-2
ratified,bekrachtigd,2
reach,bereiken,1
reached,bereikt,1
reaches,bereikt,1
reaching,het bereiken van,1
reassure,geruststellen,1
reassured,gerustgesteld,1
reassures,steltgerust,1
reassuring,geruststellend,2
rebellion,rebellie,-2
recession,recessie,-2
reckless,roekeloos,-2
recommend,aanbevelen,2
recommended,aanbevolen,2
recommends,beveelt,2
redeemed,verlost,2
refuse,afval,-2
refused,geweigerd,-2
refusing,weigerend,-2
regret,spijt,-2
regretful,spijtig,-2
regrets,betreurt,-2
regretted,betreurde,-2
regretting,spijt van,-2
reject,weiger,-1
rejected,afgewezen,-1
rejecting,enverwerpt,-1
rejects,weigert,-1
rejoice,verheug je,4
rejoiced,verheugde zich,4
rejoices,verheugt zich,4
rejoicing,jubelend,4
relaxed,ontspannen,2
relentless,meedogenloos,-1
reliant,afhankelijk,2
relieve,verlichten,1
relieved,afgelost,2
relieves,verlicht,1
relieving,het verlichten van,2
relishing,genietend van,2
remarkable,opmerkelijk,2
remorse,wroeging,-2
repulse,afstoten,-1
repulsed,afgestoten,-2
rescue,redding,2
rescued,gered,2
rescues,reddingen,2
resentful,verontwaardigd,-2
resign,ontslag nemen,-1
resigned,afgetreden,-1
resigning,ontslagnemend,-1
resigns,ontslag,-1
resolute,resoluut,2
resolve,oplossen,2
resolved,opgelost,2
resolves,lost,2
resolving,het oplossen van,2
respected,gerespecteerd,2
responsible,verantwoordelijk,2
responsive,responsief,2
restful,rustgevend,2
restless,rusteloos,-2
restore,herstellen,1
restored,gerestaureerd,1
restores,herstelt,1
restoring,het herstellen van,1
restrict,beperk,-2
restricted,beperkt,-2
restricting,beperking van,-2
restriction,beperking,-2
restricts,beperkt,-2
retained,behouden,-1
retard,retard,-2
retarded,achterlijke,-2
retreat,retraite,-1
revenge,wraak,-2
revengeful,wraakzuchtige,-2
revered,vereerd,2
revive,herleef,2
revives,herleeft,2
reward,beloning,2
rewarded,beloond,2
rewarding,lonend,2
rewards,beloningen,2
rich,rijk,2
ridiculous,belachelijk,-3
rig,tuig,-1
rigged,opgetuigd,-1
right direction,juiste richting,3
rigorous,streng,3
rigorously,strikt,3
riot,oproer,-2
riots,rellen,-2
risk,risico,-2
risks,risico's,-2
rob,rob,-2
robber,rover,-2
robed,gekleed,-2
robing,beroving,-2
robs,rooft,-2
robust,robuust,2
rofl,rofl,4
roflcopter,roflcopter,4
roflmao,roflmao,4
romance,romantiek,2
rotfl,rotfl,4
rotflmfao,rotflmfao,4
rotflol,rotflol,4
ruin,ruïne,-2
ruined,geruïneerd,-2
ruining,verpest,-2
ruins,ruïnes,-2
sabotage,sabotage,-2
sad,droevig,-2
sadden,verdrietig,-2
saddened,bedroefd,-2
sadly,helaas,-2
safe,veilig,1
safely,veilig,1
safety,veiligheid,1
salient,saillant,1
sappy,sappy,-1
sarcastic,sarcastisch,-2
satisfied,tevreden,2
save,red,2
saved,opgeslagen,2
scam,zwendel,-2
scams,oplichting,-2
scandal,schandaal,-3
scandalous,schandalig,-3
scandals,schandalen,-3
scapegoat,zondebok,-2
scapegoats,zondebokken,-2
scare,schrikken,-2
scared,bang,-2
scary,enge,-2
sceptical,sceptisch,-2
scold,schelden,-2
scoop,schep,3
scorn,minachting,-2
scornful,minachtend,-2
scream,schreeuw,-2
screamed,schreeuwde,-2
screaming,schreeuwend,-2
screams,schreeuwt,-2
screwed,geschroefd,-2
screwed up,opgeschroefd,-3
scumbag,klootzak,-4
secure,beveilig,2
secured,beveiligd,2
secures,beveiligt,2
sedition,opruiing,-2
seditious,opruiende,-2
seduced,verleid,-1
self-confident,zelfverzekerd,2
self-deluded,zelfingenomen,-2
selfish,egoïstisch,-3
selfishness,egoïsme,-3
sentence,zin,-2
sentenced,veroordeeld,-2
sentences,zinnen,-2
sentencing,veroordeling,-2
serene,serene,2
severe,ernstig,-2
sexy,sexy,3
shaky,wankel,-2
shame,schaamte,-2
shamed,beschaamd,-2
shameful,beschamend,-2
share,aandeel,1
shared,gedeeld,1
shares,aandelen,1
shattered,verbrijzeld,-2
shit,shit,-4
shithead,klootzak,-4
shitty,shitty,-3
shock,shock,-2
shocked,geschokt,-2
shocking,schokkend,-2
shocks,schokken,-2
shoot,schiet,-1
short-sighted,kortzichtig,-2
short-sightedness,bijziendheid,-2
shortage,tekort,-2
shortages,tekorten,-2
shrew,spitsmuis,-4
shy,verlegen,-1
sick,ziek,-2
sigh,zucht,-2
significance,betekenis,1
significant,significant,1
silencing,het uitschakelen van,-1
silly,domme,-1
sincere,oprecht,2
sincerely,van harte,2
sincerest,oprecht,2
sincerity,oprechtheid,2
sinful,zondig,-3
singleminded,singleminded,-2
skeptic,sceptisch,-2
skeptical,sceptisch,-2
skepticism,scepticisme,-2
skeptics,sceptici,-2
slam,slam,-2
slash,slash,-2
slashed,gesneden,-2
slashes,slashes,-2
slashing,snijdend,-2
slavery,slavernij,-3
sleeplessness,slapeloosheid,-2
slick,slick,2
slicker,slicker,2
slickest,slickest,2
sluggish,traag,-2
slut,slet,-5
smart,smart,1
smarter,slimmer,2
smartest,slimste,2
smear,uitstrijkje,-2
smile,glimlach,2
smiled,lachte,2
smiles,lacht,2
smiling,lachend,2
smog,smog,-2
sneaky,stiekem,-1
snub,snub,-2
snubbed,gesmoord,-2
snubbing,snubbing,-2
snubs,snuift,-2
sobering,ontnuchterend,1
solemn,plechtig,-1
solid,massief,2
solidarity,solidariteit,2
solution,oplossing,1
solutions,oplossingen,1
solve,oplossen,1
solved,opgelost,1
solves,lost,1
solving,oplossen,1
somber,somber,-2
some kind,een soort,0
son-of-a-bitch,klootzak,-5
soothe,kalmeer,3
soothed,gekalmeerd,3
soothing,kalmerend,3
sophisticated,geavanceerde,2
sore,pijnlijke,-1
sorrow,verdriet,-2
sorrowful,droevig,-2
sorry,sorry,-1
spam,spam,-2
spammer,spammer,-3
spammers,spammers,-3
spamming,spamming,-2
spark,vonk,1
sparkle,sparkle,3
sparkles,sparkles,3
sparkling,sprankelend,3
speculative,speculatief,-2
spirit,geest,1
spirited,spirited,2
spiritless,geestloos,-2
spiteful,spuuglelijke,-2
splendid,schitterend,3
sprightly,sprightly,2
squelched,squelched,-1
stab,steek,-2
stabbed,gestoken,-2
stable,stabiel,2
stabs,steekt,-2
stall,stall,-2
stalled,vastgelopen,-2
stalling,stalling,-2
stamina,uithoudingsvermogen,2
stampede,stampede,-2
startled,geschrokken,-2
starve,verhongeren,-2
starved,uitgehongerd,-2
starves,verhongert,-2
starving,uitgehongerd,-2
steadfast,standvastig,2
steal,stelen,-2
steals,steelt,-2
stereotype,stereotype,-2
stereotyped,stereotiep,-2
stifled,gesmoord,-1
stimulate,stimuleren,1
stimulated,gestimuleerd,1
stimulates,stimuleert,1
stimulating,stimulerend,2
stingy,gierig,-2
stolen,gestolen,-2
stop,stop,-1
stopped,gestopt,-1
stopping,stop,-1
stops,stopt,-1
stout,stout,2
straight,recht,1
strange,vreemd,-1
strangely,vreemd,-1
strangled,gewurgd,-2
strength,sterkte,2
strengthen,versterken,2
strengthened,versterkt,2
strengthening,versterking van,2
strengthens,versterkt,2
stressed,benadrukt,-2
stressor,stressfactor,-2
stressors,stressoren,-2
stricken,getroffen,-2
strike,strike,-1
strikers,stakers,-2
strikes,slaat,-1
strong,sterk,2
stronger,sterker,2
strongest,sterkste,2
struck,geslagen,-1
struggle,strijd,-2
struggled,worstelde,-2
struggles,worstelt,-2
struggling,worstelend,-2
stubborn,koppig,-2
stuck,vast,-2
stunned,verdoofd,-2
stunning,prachtig,4
stupid,stomme,-2
stupidly,dom,-2
suave,suave,2
substantial,aanzienlijk,1
substantially,substantieel,1
subversive,subversief,-2
success,succes,2
successful,succesvolle,3
suck,zuigen,-3
sucks,zuigt,-3
suffer,lijden,-2
suffering,lijden,-2
suffers,lijdt,-2
suicidal,suïcidaal,-2
suicide,zelfmoord,-2
suing,aanklagen,-2
sulking,mokkend,-2
sulky,sulky,-2
sullen,sullen,-2
sunshine,sunshine,2
super,super,3
superb,prachtig,5
superior,superieur,2
support,ondersteuning,2
supported,ondersteund,2
supporter,supporter,1
supporters,supporters,1
supporting,ter ondersteuning van,1
supportive,ondersteunend,2
supports,ondersteunt,2
survived,overleefde,2
surviving,overlevende,2
survivor,survivor,2
suspect,verdachte,-1
suspected,vermoedelijk,-1
suspecting,vermoeden,-1
suspects,verdachten,-1
suspend,schorsing,-1
suspended,opgeschort,-1
suspicious,verdachte,-2
swear,vloek,-2
swearing,vloeken,-2
swears,zweert,-2
sweet,zoete,2
swift,snel,2
swiftly,snel,2
swindle,zwendel,-3
swindles,bedriegt,-3
swindling,oplichting,-3
sympathetic,sympathiek,2
sympathy,sympathie,2
tard,tard,-2
tears,tranen,-2
tender,aanbesteding,2
tense,gespannen,-2
tension,spanning,-1
terrible,verschrikkelijke,-3
terribly,vreselijk,-3
terrific,geweldig,4
terrified,doodsbang,-3
terror,terreur,-3
terrorize,terroriseren,-3
terrorized,geterroriseerd,-3
terrorizes,terroriseert,-3
thank,dank,2
thankful,dankbaar,2
thanks,bedankt,2
thorny,doornig,-2
thoughtful,attent,2
thoughtless,gedachteloos,-2
threat,bedreiging,-2
threaten,dreigen,-2
threatened,bedreigd,-2
threatening,bedreigend,-2
threatens,dreigt,-2
threats,bedreigingen,-2
thrilled,opgewonden,5
thwart,verijdelen,-2
thwarted,gedwarsboomd,-2
thwarting,tegenwerken,-2
thwarts,dwarsboomt,-2
timid,timide,-2
timorous,schichtig,-2
tired,moe,-2
tits,tieten,-2
tolerant,tolerant,2
toothless,tandeloos,-2
top,top,2
tops,tops,2
torn,gescheurd,-2
torture,marteling,-4
tortured,gemarteld,-4
tortures,martelingen,-4
torturing,martelen,-4
totalitarian,totalitair,-2
totalitarianism,totalitarisme,-2
tout,tout,-2
touted,aangeprezen,-2
touting,aanprijzen,-2
touts,touts,-2
tragedy,tragedie,-2
tragic,tragisch,-2
tranquil,rustig,2
trap,val,-1
trapped,opgesloten,-2
trauma,trauma,-3
traumatic,traumatisch,-3
travesty,travestie,-2
treason,verraad,-3
treasonous,verraderlijke,-3
treasure,schat,2
treasures,schatten,2
trembling,bevend,-2
tremulous,tremulous,-2
tricked,bedrogen,-2
trickery,bedrog,-2
triumph,triumph,4
triumphant,triomfantelijk,4
trouble,problemen,-2
troubled,verontrust,-2
troubles,problemen,-2
TRUE,echt,2
trust,vertrouwen,1
trusted,vertrouwde,2
tumor,tumor,-2
twat,kut,-5
ugly,lelijke,-3
unacceptable,onaanvaardbaar,-2
unappreciated,niet gewaardeerd,-2
unapproved,niet-goedgekeurd,-2
unaware,onbewust,-2
unbelievable,ongelooflijk,-1
unbelieving,ongelovig,-1
unbiased,onbevooroordeeld,2
uncertain,onzeker,-1
unclear,onduidelijk,-1
uncomfortable,ongemakkelijk,-2
unconcerned,onbezorgd,-2
unconfirmed,onbevestigd,-1
unconvinced,niet overtuigd,-1
uncredited,ongeregistreerde,-1
undecided,onbeslist,-1
underestimate,onderschatting,-1
underestimated,onderschat,-1
underestimates,onderschat,-1
underestimating,onderschatting van,-1
undermine,ondermijnen,-2
undermined,ondermijnd,-2
undermines,ondermijnt,-2
undermining,ondermijning van,-2
undeserving,onverdiend,-2
undesirable,ongewenste,-2
uneasy,ongemakkelijk,-2
unemployment,werkloosheid,-2
unequal,ongelijk,-1
unequaled,ongeëvenaard,2
unethical,onethisch,-2
unfair,oneerlijk,-2
unfocused,ongericht,-2
unfulfilled,onvervuld,-2
unhappy,ongelukkig,-2
unhealthy,ongezond,-2
unified,verenigd,1
unimpressed,niet onder de indruk,-2
unintelligent,onintelligent,-2
united,verenigd,1
unjust,onrechtvaardig,-2
unlovable,ongeliefd,-2
unloved,onbemind,-2
unmatched,ongeëvenaard,1
unmotivated,ongemotiveerd,-2
unprofessional,onprofessioneel,-2
unresearched,niet onderzocht,-2
unsatisfied,ontevreden,-2
unsecured,ongedekt,-2
unsettled,ongeregeld,-1
unsophisticated,ongenuanceerd,-2
unstable,onstabiel,-2
unstoppable,niet te stoppen,2
unsupported,niet-ondersteunde,-2
unsure,onzeker,-1
untarnished,onaangetast,2
unwanted,ongewenste,-2
unworthy,onwaardig,-2
upset,upset,-2
upsets,tegenslagen,-2
upsetting,verontrustend,-2
uptight,gespannen,-2
urgent,urgent,-1
useful,nuttig,2
usefulness,nut,2
useless,nutteloze,-2
uselessness,nutteloosheid,-2
vague,vaag,-2
validate,valideren,1
validated,gevalideerd,1
validates,valideert,1
validating,het valideren van,1
verdict,vonnis,-1
verdicts,uitspraken,-1
vested,verworven,1
vexation,ergernis,-2
vexing,vexing,-2
vibrant,levendig,3
vicious,gemene,-2
victim,slachtoffer,-3
victimize,slachtofferen,-3
victimized,slachtoffer,-3
victimizes,slachtoffert,-3
victimizing,slachtoffer van,-3
victims,slachtoffers,-3
vigilant,waakzaam,3
vile,verachtelijke,-3
vindicate,rechtvaardigen,2
vindicated,gerechtvaardigd,2
vindicates,rechtvaardigt,2
vindicating,rechtvaardigen,2
violate,schenden,-2
violated,geschonden,-2
violates,schendt,-2
violating,het schenden van,-2
violence,geweld,-3
violent,gewelddadig,-3
virtuous,deugdzame,2
virulent,virulent,-2
vision,visie,1
visionary,visionair,3
visioning,visioning,1
visions,visioenen,1
vitality,vitaliteit,3
vitamin,vitamine,1
vitriolic,vitriool,-3
vivacious,levendig,3
vociferous,luidruchtig,-1
vulnerability,kwetsbaarheid,-2
vulnerable,kwetsbaar,-2
walkout,uitloop,-2
walkouts,walkouts,-2
wanker,rukker,-3
want,willen,1
war,oorlog,-2
warfare,oorlogsvoering,-2
warm,warm,1
warmth,warmte,2
warn,waarschuw,-2
warned,waarschuwde,-2
warning,waarschuwing,-3
warnings,waarschuwingen,-3
warns,waarschuwt,-2
waste,afval,-1
wasted,verspild,-2
wasting,verspilling,-2
wavering,aarzelend,-1
weak,zwak,-2
weakness,zwakte,-2
wealth,rijkdom,3
wealthy,rijke,2
weary,vermoeide,-2
weep,huil,-2
weeping,huilende,-2
weird,rare,-2
welcome,welkom,2
welcomed,verwelkomde,2
welcomes,verwelkomt,2
whimsical,grillig,1
whitewash,whitewash,-3
whore,hoer,-4
wicked,wicked,-2
widowed,weduwe,-1
willingness,bereidheid,2
win,win,4
winner,winnaar,4
winning,winnende,4
wins,wint,4
winwin,winwin,3
wish,wens,1
wishes,wensen,1
wishing,wens,1
withdrawal,terugtrekking,-3
woebegone,woebegone,-2
woeful,jammerlijk,-3
won,won,3
wonderful,prachtig,4
woo,woo,3
woohoo,woohoo,3
wooo,wooo,4
woow,woow,4
worn,gedragen,-1
worried,bezorgd,-3
worry,zorgen,-3
worrying,zorgwekkend,-3
worse,slechter,-3
worsen,verergeren,-3
worsened,verslechterd,-3
worsening,verslechtering,-3
worsens,verergert,-3
worshiped,aanbeden,3
worst,slechtste,-3
worth,waard,2
worthless,waardeloze,-2
worthy,waardig,2
wow,wow,4
wowow,wowow,4
wowww,wowww,4
wrathful,toornig,-3
wreck,wrak,-2
wrong,verkeerde,-2
wronged,onrechtvaardig,-2
wtf,wtf,-4
yeah,ja,1
yearning,verlangend,1
yeees,yeees,2
yes,ja,1
youthful,jeugdig,2
yucky,yucky,-2
yummy,yummy,3
zealot,ijveraar,-2
zealots,ijveraars,-2
zealous,ijverig,2